[
  {
    "_id":"556dea7c528af88c8f00000c",
    "status":"new",
    "items":[
      {
        "name":"Crab Pancakes with Sorrel Syrup",
        "price":35.99
      },
      {
        "name":"Ricotta Gnocchi",
        "price":15.99
      },
      {
        "name":"Spinach Fennel Watercress Ravioli",
        "price":35.99
      }
    ],
    "name":"Justin Meyer",
    "address":"3108 Winchester Ct.",
    "slug":"cheese-curd-city"
  },
  {
    "_id":"556dea7c528af88c8f00000d",
    "status":"preparing",
    "items":[
      {
        "name":"Onion fries",
        "price":15.99
      },
      {
        "name":"Garlic Fries",
        "price":15.99
      },
      {
        "name":"Steamed Mussels",
        "price":21.99
      }
    ],
    "name":"Justin Meyer",
    "address":"3108 Winchester Ct.",
    "slug":"cheese-curd-city"
  },
  {
    "_id":"556dea7c528af88c8f00000e",
    "status":"delivered",
    "items":[
      {
        "name":"Crab Pancakes with Sorrel Syrup",
        "price":35.99
      },
      {
        "name":"Truffle Noodles",
        "price":14.99
      },
      {
        "name":"Onion fries",
        "price":15.99
      }
    ],
    "name":"Justin Meyer",
    "address":"2451 W Washburne Ave",
    "slug":"cheese-curd-city"
  }
]

