[{
  "name": "Spago",
  "slug": "spago",
  "images": {
    "thumbnail": "images/1-thumbnail.jpg",
    "owner": "images/1-owner.jpg",
    "banner": "images/1-banner.jpg"
  },
  "address": {
    "street": "3108 Winchester Ct.",
    "city": "Chicago",
    "state": "IL",
    "zip": "60045"
  },
  "menu": [
    {
      "name": "Spinach Fennel Watercress Ravioli",
      "price": 35.99
    }, {
      "name": "Garlic Fries",
      "price": 15.99
    }, {
      "name": "Herring in Lavender Dill Reduction",
      "price": 45.99
    }, {
      "name": "Crab Pancakes with Sorrel Syrup",
      "price": 35.99
    }, {
      "name": "Chicken with Tomato Carrot Chutney Sauce",
      "price": 45.99
    }, {
      "name": "Onion fries",
      "price": 15.99
    }
  ]
}, {
  "name": "Gilt bar",
  "slug": "gilt-bar",
  "images": {
    "thumbnail": "images/2-thumbnail.jpg",
    "owner": "images/2-owner.jpg",
    "banner": "images/2-banner.jpg"
  },
  "address": {
    "street": "230 W Kinzie Street",
    "city": "Chicago",
    "state": "IL",
    "zip": "60654"
  },
  "menu": [
    {
      "name": "Ricotta Gnocchi",
      "price": 15.99
    }, {
      "name": "Steamed Mussels",
      "price": 21.99
    }, {
      "name": "Truffle Noodles",
      "price": 14.50
    }, {
      "name": "Charred Octopus",
      "price": 25.99
    }, {
      "name": "Gunthorp Chicken",
      "price": 21.50
    }, {
      "name": "Roasted Salmon",
      "price": 23.00
    }
  ]
}]
